, City, State[c], 2018estimate, 2010Census, Change, 2016 land area, 2016 population density, Location,URL
1,New_York_City,NewYork," 8,398,748"," 8,175,133", +2.74%, 301.5 sq mi, 780.9 km2," 28,317/sq mi",https://en.wikipedia.org/wiki/New_York_City
2,Los_Angeles,California," 3,990,456"," 3,792,621", +5.22%, 468.7 sq mi," 1,213.9 km2"," 8,484/sq mi",https://en.wikipedia.org/wiki/Los_Angeles
3,Chicago,Illinois," 2,705,994"," 2,695,598", +0.39%, 227.3 sq mi, 588.7 km2," 11,900/sq mi",https://en.wikipedia.org/wiki/Chicago
4,Houston,Texas," 2,325,502"," 2,100,263", +10.72%, 637.5 sq mi," 1,651.1 km2"," 3,613/sq mi",https://en.wikipedia.org/wiki/Houston
5,Phoenix,Arizona," 1,660,272"," 1,445,632", +14.85%, 517.6 sq mi," 1,340.6 km2"," 3,120/sq mi",https://en.wikipedia.org/wiki/Phoenix
6,Philadelphia,Pennsylvania," 1,584,138"," 1,526,006", +3.81%, 134.2 sq mi, 347.6 km2," 11,683/sq mi",https://en.wikipedia.org/wiki/Philadelphia
7,San_Antonio,Texas," 1,532,233"," 1,327,407", +15.43%, 461.0 sq mi," 1,194.0 km2"," 3,238/sq mi",https://en.wikipedia.org/wiki/San_Antonio
8,San_Diego,California," 1,425,976"," 1,307,402", +9.07%, 325.2 sq mi, 842.3 km2," 4,325/sq mi",https://en.wikipedia.org/wiki/San_Diego
9,Dallas,Texas," 1,345,047"," 1,197,816", +12.29%, 340.9 sq mi, 882.9 km2," 3,866/sq mi",https://en.wikipedia.org/wiki/Dallas
10,San_Jose,California," 1,030,119"," 945,942", +8.90%, 177.5 sq mi, 459.7 km2," 5,777/sq mi",https://en.wikipedia.org/wiki/San_Jose
11,Austin,Texas," 964,254"," 790,390", +22.00%, 312.7 sq mi, 809.9 km2," 3,031/sq mi",https://en.wikipedia.org/wiki/Austin
12,Jacksonville,Florida," 903,889"," 821,784", +9.99%, 747.4 sq mi," 1,935.8 km2"," 1,178/sq mi",https://en.wikipedia.org/wiki/Jacksonville
13,Fort_Worth,Texas," 895,008"," 741,206", +20.75%, 342.9 sq mi, 888.1 km2," 2,491/sq mi",https://en.wikipedia.org/wiki/Fort_Worth
14,Columbus,Ohio," 892,533"," 787,033", +13.40%, 218.5 sq mi, 565.9 km2," 3,936/sq mi",https://en.wikipedia.org/wiki/Columbus
15,San_Francisco,California," 883,305"," 805,235", +9.70%, 46.9 sq mi, 121.5 km2," 18,569/sq mi",https://en.wikipedia.org/wiki/San_Francisco
16,Charlotte,NorthCarolina," 872,498"," 731,424", +19.29%, 305.4 sq mi, 791.0 km2," 2,757/sq mi",https://en.wikipedia.org/wiki/Charlotte
17,Indianapolis,Indiana," 867,125"," 820,445", +5.69%, 361.5 sq mi, 936.3 km2," 2,366/sq mi",https://en.wikipedia.org/wiki/Indianapolis
18,Seattle,Washington," 744,955"," 608,660", +22.39%, 83.8 sq mi, 217.0 km2," 8,405/sq mi",https://en.wikipedia.org/wiki/Seattle
19,Denver,Colorado," 716,492"," 600,158", +19.38%, 153.3 sq mi, 397.0 km2," 4,521/sq mi",https://en.wikipedia.org/wiki/Denver
20,"Washington,_D.C.",DistrictofColumbia," 702,455"," 601,723", +16.74%, 61.1 sq mi, 158.2 km2," 11,148/sq mi","https://en.wikipedia.org/wiki/Washington,_D.C."
21,Boston,Massachusetts," 694,583"," 617,594", +12.47%, 48.3 sq mi, 125.1 km2," 13,938/sq mi",https://en.wikipedia.org/wiki/Boston
22,El_Paso,Texas," 682,669"," 649,121", +5.17%, 256.8 sq mi, 665.1 km2," 2,660/sq mi",https://en.wikipedia.org/wiki/El_Paso
23,Detroit,Michigan," 672,662"," 713,777", −5.76%, 138.8 sq mi, 359.5 km2," 4,847/sq mi",https://en.wikipedia.org/wiki/Detroit
24,Nashville,Tennessee," 669,053"," 601,222", +11.28%, 475.9 sq mi," 1,232.6 km2"," 1,388/sq mi",https://en.wikipedia.org/wiki/Nashville
25,Portland,Oregon," 653,115"," 583,776", +11.88%, 133.5 sq mi, 345.8 km2," 4,793/sq mi",https://en.wikipedia.org/wiki/Portland
26,Memphis,Tennessee," 650,618"," 646,889", +0.58%, 317.4 sq mi, 822.1 km2," 2,056/sq mi",https://en.wikipedia.org/wiki/Memphis
27,Oklahoma_City,Oklahoma," 649,021"," 579,999", +11.90%, 606.3 sq mi," 1,570.3 km2"," 1,053/sq mi",https://en.wikipedia.org/wiki/Oklahoma_City
28,Las_Vegas,Nevada," 644,644"," 583,756", +10.43%, 134.4 sq mi, 348.1 km2," 4,709/sq mi",https://en.wikipedia.org/wiki/Las_Vegas
29,Louisville,Kentucky," 620,118"," 597,337", +3.81%, 263.5 sq mi, 682.5 km2," 2,339/sq mi",https://en.wikipedia.org/wiki/Louisville
30,Baltimore,Maryland," 602,495"," 620,961", −2.97%, 80.9 sq mi, 209.5 km2," 7,598/sq mi",https://en.wikipedia.org/wiki/Baltimore
31,Milwaukee,Wisconsin," 592,025"," 594,833", −0.47%, 96.2 sq mi, 249.2 km2," 6,186/sq mi",https://en.wikipedia.org/wiki/Milwaukee
32,Albuquerque,NewMexico," 560,218"," 545,852", +2.63%, 188.2 sq mi, 487.4 km2," 2,972/sq mi",https://en.wikipedia.org/wiki/Albuquerque
33,Tucson,Arizona," 545,975"," 520,116", +4.97%, 230.8 sq mi, 597.8 km2," 2,299/sq mi",https://en.wikipedia.org/wiki/Tucson
34,Fresno,California," 530,093"," 494,665", +7.16%, 114.4 sq mi, 296.3 km2," 4,563/sq mi",https://en.wikipedia.org/wiki/Fresno
35,Mesa,Arizona," 508,958"," 439,041", +15.92%, 137.9 sq mi, 357.2 km2," 3,514/sq mi",https://en.wikipedia.org/wiki/Mesa
36,Sacramento,California," 508,529"," 466,488", +9.01%, 97.9 sq mi, 253.6 km2," 5,059/sq mi",https://en.wikipedia.org/wiki/Sacramento
37,Atlanta,Georgia," 498,044"," 420,003", +18.58%, 133.5 sq mi, 345.8 km2," 3,539/sq mi",https://en.wikipedia.org/wiki/Atlanta
38,Kansas_City,Missouri," 491,918"," 459,787", +6.99%, 315.0 sq mi, 815.8 km2," 1,528/sq mi",https://en.wikipedia.org/wiki/Kansas_City
39,Colorado_Springs,Colorado," 472,688"," 416,427", +13.51%, 195.6 sq mi, 506.6 km2," 2,378/sq mi",https://en.wikipedia.org/wiki/Colorado_Springs
40,Miami,Florida," 470,914"," 399,457", +17.89%, 36.0 sq mi, 93.2 km2," 12,599/sq mi",https://en.wikipedia.org/wiki/Miami
41,Raleigh,NorthCarolina," 469,298"," 403,892", +16.19%, 145.1 sq mi, 375.8 km2," 3,163/sq mi",https://en.wikipedia.org/wiki/Raleigh
42,Omaha,Nebraska," 468,262"," 408,958", +14.50%, 133.2 sq mi, 345.0 km2," 3,356/sq mi",https://en.wikipedia.org/wiki/Omaha
43,Long_Beach,California," 467,354"," 462,257", +1.10%, 50.3 sq mi, 130.3 km2," 9,347/sq mi",https://en.wikipedia.org/wiki/Long_Beach
44,Virginia_Beach,Virginia," 450,189"," 437,994", +2.78%, 244.7 sq mi, 633.8 km2," 1,850/sq mi",https://en.wikipedia.org/wiki/Virginia_Beach
45,Oakland,California," 429,082"," 390,724", +9.82%, 55.9 sq mi, 144.8 km2," 7,514/sq mi",https://en.wikipedia.org/wiki/Oakland
46,Minneapolis,Minnesota," 425,403"," 382,578", +11.19%, 54.0 sq mi, 139.9 km2," 7,660/sq mi",https://en.wikipedia.org/wiki/Minneapolis
47,Tulsa,Oklahoma," 400,669"," 391,906", +2.24%, 196.8 sq mi, 509.7 km2," 2,048/sq mi",https://en.wikipedia.org/wiki/Tulsa
48,Arlington,Texas," 398,112"," 365,438", +8.94%, 95.8 sq mi, 248.1 km2," 4,100/sq mi",https://en.wikipedia.org/wiki/Arlington
49,Tampa,Florida," 392,890"," 335,709", +17.03%, 113.4 sq mi, 293.7 km2," 3,326/sq mi",https://en.wikipedia.org/wiki/Tampa
50,New_Orleans,Louisiana," 391,006"," 343,829", +13.72%, 169.4 sq mi, 438.7 km2," 2,311/sq mi",https://en.wikipedia.org/wiki/New_Orleans
51,Wichita,Kansas," 389,255"," 382,368", +1.80%, 160.4 sq mi, 415.4 km2," 2,431/sq mi",https://en.wikipedia.org/wiki/Wichita
52,Cleveland,Ohio," 383,793"," 396,815", −3.28%, 77.7 sq mi, 201.2 km2," 4,965/sq mi",https://en.wikipedia.org/wiki/Cleveland
53,Bakersfield,California," 383,579"," 347,483", +10.39%, 148.8 sq mi, 385.4 km2," 2,529/sq mi",https://en.wikipedia.org/wiki/Bakersfield
54,Aurora,Colorado," 374,114"," 325,078", +15.08%, 153.5 sq mi, 397.6 km2," 2,356/sq mi",https://en.wikipedia.org/wiki/Aurora
55,Anaheim,California," 352,005"," 336,265", +4.68%, 50.0 sq mi, 129.5 km2," 7,021/sq mi",https://en.wikipedia.org/wiki/Anaheim
56,Honolulu,Hawaii," 347,397"," 337,256", +3.01%, 60.5 sq mi, 156.7 km2," 5,815/sq mi",https://en.wikipedia.org/wiki/Honolulu
57,Santa_Ana,California," 332,725"," 324,528", +2.53%, 27.1 sq mi, 70.2 km2," 12,333/sq mi",https://en.wikipedia.org/wiki/Santa_Ana
58,Riverside,California," 330,063"," 303,871", +8.62%, 81.2 sq mi, 210.3 km2," 3,999/sq mi",https://en.wikipedia.org/wiki/Riverside
59,Corpus_Christi,Texas," 326,554"," 305,215", +6.99%, 174.6 sq mi, 452.2 km2," 1,866/sq mi",https://en.wikipedia.org/wiki/Corpus_Christi
60,Lexington,Kentucky," 323,780"," 295,803", +9.46%, 283.6 sq mi, 734.5 km2," 1,123/sq mi",https://en.wikipedia.org/wiki/Lexington
61,Stockton,California," 311,178"," 291,707", +6.67%, 61.7 sq mi, 159.8 km2," 4,977/sq mi",https://en.wikipedia.org/wiki/Stockton
62,Henderson,Nevada," 310,390"," 257,729", +20.43%, 104.7 sq mi, 271.2 km2," 2,798/sq mi",https://en.wikipedia.org/wiki/Henderson
63,Saint_Paul,Minnesota," 307,695"," 285,068", +7.94%, 52.0 sq mi, 134.7 km2," 5,815/sq mi",https://en.wikipedia.org/wiki/Saint_Paul
64,St_Louis,Missouri," 302,838"," 319,294", −5.15%, 62.0 sq mi, 160.6 km2," 5,023/sq mi",https://en.wikipedia.org/wiki/St_Louis
65,Cincinnati,Ohio," 302,605"," 296,943", +1.91%, 77.4 sq mi, 200.5 km2," 3,860/sq mi",https://en.wikipedia.org/wiki/Cincinnati
66,Pittsburgh,Pennsylvania," 301,048"," 305,704", −1.52%, 55.4 sq mi, 143.5 km2," 5,481/sq mi",https://en.wikipedia.org/wiki/Pittsburgh
67,Greensboro,NorthCarolina," 294,722"," 269,666", +9.29%, 128.3 sq mi, 332.3 km2," 2,237/sq mi",https://en.wikipedia.org/wiki/Greensboro
68,Anchorage,Alaska," 291,538"," 291,826", −0.10%," 1,706.6 sq mi"," 4,420.1 km2", 175/sq mi,https://en.wikipedia.org/wiki/Anchorage
69,Plano,Texas," 288,061"," 259,841", +10.86%, 71.7 sq mi, 185.7 km2," 3,990/sq mi",https://en.wikipedia.org/wiki/Plano
70,Lincoln,Nebraska," 287,401"," 258,379", +11.23%, 92.1 sq mi, 238.5 km2," 3,044/sq mi",https://en.wikipedia.org/wiki/Lincoln
71,Orlando,Florida," 285,713"," 238,300", +19.90%, 105.2 sq mi, 272.5 km2," 2,635/sq mi",https://en.wikipedia.org/wiki/Orlando
72,Irvine,California," 282,572"," 212,375", +33.05%, 65.6 sq mi, 169.9 km2," 4,057/sq mi",https://en.wikipedia.org/wiki/Irvine
73,Newark,NewJersey," 282,090"," 277,140", +1.79%, 24.1 sq mi, 62.4 km2," 11,691/sq mi",https://en.wikipedia.org/wiki/Newark
74,Toledo,Ohio," 274,975"," 287,208", −4.26%, 80.7 sq mi, 209.0 km2," 3,451/sq mi",https://en.wikipedia.org/wiki/Toledo
75,Durham,NorthCarolina," 274,291"," 228,330", +20.13%, 109.8 sq mi, 284.4 km2," 2,395/sq mi",https://en.wikipedia.org/wiki/Durham
76,Chula_Vista,California," 271,651"," 243,916", +11.37%, 49.6 sq mi, 128.5 km2," 5,387/sq mi",https://en.wikipedia.org/wiki/Chula_Vista
77,Fort_Wayne,Indiana," 267,633"," 253,691", +5.50%, 110.6 sq mi, 286.5 km2," 2,391/sq mi",https://en.wikipedia.org/wiki/Fort_Wayne
78,Jersey_City,NewJersey," 265,549"," 247,597", +7.25%, 14.8 sq mi, 38.3 km2," 17,848/sq mi",https://en.wikipedia.org/wiki/Jersey_City
79,St_Petersburg,Florida," 265,098"," 244,769", +8.31%, 61.8 sq mi, 160.1 km2," 4,223/sq mi",https://en.wikipedia.org/wiki/St_Petersburg
80,Laredo,Texas," 261,639"," 236,091", +10.82%, 101.1 sq mi, 261.8 km2," 2,544/sq mi",https://en.wikipedia.org/wiki/Laredo
81,Madison,Wisconsin," 258,054"," 233,209", +10.65%, 77.0 sq mi, 199.4 km2," 3,280/sq mi",https://en.wikipedia.org/wiki/Madison
82,Chandler,Arizona," 257,165"," 236,123", +8.91%, 64.9 sq mi, 168.1 km2," 3,813/sq mi",https://en.wikipedia.org/wiki/Chandler
83,Buffalo,NewYork," 256,304"," 261,310", −1.92%, 40.4 sq mi, 104.6 km2," 6,359/sq mi",https://en.wikipedia.org/wiki/Buffalo
84,Lubbock,Texas," 255,885"," 229,573", +11.46%, 124.6 sq mi, 322.7 km2," 2,027/sq mi",https://en.wikipedia.org/wiki/Lubbock
85,Scottsdale,Arizona," 255,310"," 217,385", +17.45%, 183.9 sq mi, 476.3 km2," 1,341/sq mi",https://en.wikipedia.org/wiki/Scottsdale
86,Reno,Nevada," 250,998"," 225,221", +11.45%, 107.3 sq mi, 277.9 km2," 2,286/sq mi",https://en.wikipedia.org/wiki/Reno
87,Glendale,Arizona," 250,702"," 226,721", +10.58%, 59.1 sq mi, 153.1 km2," 4,161/sq mi",https://en.wikipedia.org/wiki/Glendale
88,Gilbert,Arizona," 248,279"," 208,453", +19.11%, 68.0 sq mi, 176.1 km2," 3,487/sq mi",https://en.wikipedia.org/wiki/Gilbert
89,Winston_Salem,NorthCarolina," 246,328"," 229,617", +7.28%, 132.5 sq mi, 343.2 km2," 1,828/sq mi",https://en.wikipedia.org/wiki/Winston_Salem
90,North_Las_Vegas,Nevada," 245,949"," 216,961", +13.36%, 98.0 sq mi, 253.8 km2," 2,436/sq mi",https://en.wikipedia.org/wiki/North_Las_Vegas
91,Norfolk,Virginia," 244,076"," 242,803", +0.52%, 53.3 sq mi, 138.0 km2," 4,599/sq mi",https://en.wikipedia.org/wiki/Norfolk
92,Chesapeake,Virginia," 242,634"," 222,209", +9.19%, 338.5 sq mi, 876.7 km2, 703/sq mi,https://en.wikipedia.org/wiki/Chesapeake
93,Garland,Texas," 242,507"," 226,876", +6.89%, 57.0 sq mi, 147.6 km2," 4,122/sq mi",https://en.wikipedia.org/wiki/Garland
94,Irving,Texas," 242,242"," 216,290", +12.00%, 67.0 sq mi, 173.5 km2," 3,557/sq mi",https://en.wikipedia.org/wiki/Irving
95,Hialeah,Florida," 238,942"," 224,669", +6.35%, 21.5 sq mi, 55.7 km2," 10,995/sq mi",https://en.wikipedia.org/wiki/Hialeah
96,Fremont,California," 237,807"," 214,089", +11.08%, 77.5 sq mi, 200.7 km2," 3,008/sq mi",https://en.wikipedia.org/wiki/Fremont
97,Boise,Idaho," 228,790"," 205,671", +11.24%, 82.1 sq mi, 212.6 km2," 2,718/sq mi",https://en.wikipedia.org/wiki/Boise
98,Richmond,Virginia," 228,783"," 204,214", +12.03%, 59.8 sq mi, 154.9 km2," 3,732/sq mi",https://en.wikipedia.org/wiki/Richmond
99,Baton_Rouge,Louisiana," 221,599"," 229,493", −3.44%, 85.9 sq mi, 222.5 km2," 2,651/sq mi",https://en.wikipedia.org/wiki/Baton_Rouge
100,Spokane,Washington," 219,190"," 208,916", +4.92%, 68.7 sq mi, 177.9 km2," 3,144/sq mi",https://en.wikipedia.org/wiki/Spokane
101,Des_Moines,Iowa," 216,853"," 203,433", +6.60%, 88.9 sq mi, 230.2 km2," 2,424/sq mi",https://en.wikipedia.org/wiki/Des_Moines
102,Tacoma,Washington," 216,279"," 198,397", +9.01%, 49.7 sq mi, 128.7 km2," 4,251/sq mi",https://en.wikipedia.org/wiki/Tacoma
103,San_Bernardino,California," 215,941"," 209,924", +2.87%, 61.5 sq mi, 159.3 km2," 3,516/sq mi",https://en.wikipedia.org/wiki/San_Bernardino
104,Modesto,California," 215,030"," 201,165", +6.89%, 43.0 sq mi, 111.4 km2," 4,934/sq mi",https://en.wikipedia.org/wiki/Modesto
105,Fontana,California," 213,739"," 196,069", +9.01%, 43.0 sq mi, 111.4 km2," 4,876/sq mi",https://en.wikipedia.org/wiki/Fontana
106,Santa_Clarita,California," 210,089"," 176,320", +19.15%, 52.8 sq mi, 136.8 km2," 3,446/sq mi",https://en.wikipedia.org/wiki/Santa_Clarita
107,Birmingham,Alabama," 209,880"," 212,237", −1.11%, 146.1 sq mi, 378.4 km2," 1,452/sq mi",https://en.wikipedia.org/wiki/Birmingham
108,Oxnard,California," 209,877"," 197,899", +6.05%, 26.9 sq mi, 69.7 km2," 7,729/sq mi",https://en.wikipedia.org/wiki/Oxnard
109,Fayetteville,NorthCarolina," 209,468"," 200,564", +4.44%, 147.7 sq mi, 382.5 km2," 1,386/sq mi",https://en.wikipedia.org/wiki/Fayetteville
110,Moreno_Valley,California," 209,050"," 193,365", +8.11%, 51.3 sq mi, 132.9 km2," 4,006/sq mi",https://en.wikipedia.org/wiki/Moreno_Valley
111,Rochester,NewYork," 206,284"," 210,565", −2.03%, 35.8 sq mi, 92.7 km2," 5,835/sq mi",https://en.wikipedia.org/wiki/Rochester
112,Glendale,California," 201,361"," 191,719", +5.03%, 30.4 sq mi, 78.7 km2," 6,606/sq mi",https://en.wikipedia.org/wiki/Glendale
113,Huntington_Beach,California," 200,641"," 189,992", +5.60%, 26.9 sq mi, 69.7 km2," 7,459/sq mi",https://en.wikipedia.org/wiki/Huntington_Beach
114,Salt_Lake_City,Utah," 200,591"," 186,440", +7.59%, 111.2 sq mi, 288.0 km2," 1,742/sq mi",https://en.wikipedia.org/wiki/Salt_Lake_City
115,Grand_Rapids,Michigan," 200,217"," 188,040", +6.48%, 44.4 sq mi, 115.0 km2," 4,424/sq mi",https://en.wikipedia.org/wiki/Grand_Rapids
116,Amarillo,Texas," 199,924"," 190,695", +4.84%, 101.4 sq mi, 262.6 km2," 1,968/sq mi",https://en.wikipedia.org/wiki/Amarillo
117,Yonkers,NewYork," 199,663"," 195,976", +1.88%, 18.0 sq mi, 46.6 km2," 11,156/sq mi",https://en.wikipedia.org/wiki/Yonkers
118,Aurora,Illinois," 199,602"," 197,899", +0.86%, 44.9 sq mi, 116.3 km2," 4,479/sq mi",https://en.wikipedia.org/wiki/Aurora
119,Montgomery,Alabama," 198,218"," 205,764", −3.67%, 159.8 sq mi, 413.9 km2," 1,252/sq mi",https://en.wikipedia.org/wiki/Montgomery
120,Akron,Ohio," 198,006"," 199,110", −0.55%, 62.0 sq mi, 160.6 km2," 3,188/sq mi",https://en.wikipedia.org/wiki/Akron
121,Little_Rock,Arkansas," 197,881"," 193,524", +2.25%, 118.7 sq mi, 307.4 km2," 1,673/sq mi",https://en.wikipedia.org/wiki/Little_Rock
122,Huntsville,Alabama," 197,318"," 180,105", +9.56%, 213.4 sq mi, 552.7 km2, 905/sq mi,https://en.wikipedia.org/wiki/Huntsville
123,Augusta,Georgia," 196,939"," 195,844", +0.56%, 302.5 sq mi, 783.5 km2, 652/sq mi,https://en.wikipedia.org/wiki/Augusta
124,Port_St_Lucie,Florida," 195,248"," 164,603", +18.62%, 118.9 sq mi, 307.9 km2," 1,557/sq mi",https://en.wikipedia.org/wiki/Port_St_Lucie
125,Grand_Prairie,Texas," 194,614"," 175,396", +10.96%, 72.3 sq mi, 187.3 km2," 2,637/sq mi",https://en.wikipedia.org/wiki/Grand_Prairie
126,Columbus,Georgia," 194,160"," 189,885", +2.25%, 216.4 sq mi, 560.5 km2, 913/sq mi,https://en.wikipedia.org/wiki/Columbus
127,Tallahassee,Florida," 193,551"," 181,376", +6.71%, 100.4 sq mi, 260.0 km2," 1,901/sq mi",https://en.wikipedia.org/wiki/Tallahassee
128,Overland_Park,Kansas," 192,536"," 173,372", +11.05%, 75.1 sq mi, 194.5 km2," 2,516/sq mi",https://en.wikipedia.org/wiki/Overland_Park
129,Tempe,Arizona," 192,364"," 161,719", +18.95%, 40.0 sq mi, 103.6 km2," 4,562/sq mi",https://en.wikipedia.org/wiki/Tempe
130,McKinney,Texas," 191,645"," 131,117", +46.16%, 63.0 sq mi, 163.2 km2," 2,735/sq mi",https://en.wikipedia.org/wiki/McKinney
131,Mobile,Alabama," 189,572"," 195,111", −2.84%, 139.4 sq mi, 361.0 km2," 1,384/sq mi",https://en.wikipedia.org/wiki/Mobile
132,Cape_Coral,Florida," 189,343"," 154,305", +22.71%, 105.6 sq mi, 273.5 km2," 1,703/sq mi",https://en.wikipedia.org/wiki/Cape_Coral
133,Shreveport,Louisiana," 188,987"," 199,311", −5.18%, 107.1 sq mi, 277.4 km2," 1,820/sq mi",https://en.wikipedia.org/wiki/Shreveport
134,Frisco,Texas," 188,170"," 116,989", +60.84%, 67.7 sq mi, 175.3 km2," 2,417/sq mi",https://en.wikipedia.org/wiki/Frisco
135,Knoxville,Tennessee," 187,500"," 178,874", +4.82%, 98.5 sq mi, 255.1 km2," 1,891/sq mi",https://en.wikipedia.org/wiki/Knoxville
136,Worcester,Massachusetts," 185,877"," 181,045", +2.67%, 37.4 sq mi, 96.9 km2," 4,933/sq mi",https://en.wikipedia.org/wiki/Worcester
137,Brownsville,Texas," 183,392"," 175,023", +4.78%, 132.5 sq mi, 343.2 km2," 1,387/sq mi",https://en.wikipedia.org/wiki/Brownsville
138,Vancouver,Washington," 183,012"," 161,791", +13.12%, 46.9 sq mi, 121.5 km2," 3,728/sq mi",https://en.wikipedia.org/wiki/Vancouver
139,Fort_Lauderdale,Florida," 182,595"," 165,521", +10.32%, 34.6 sq mi, 89.6 km2," 5,166/sq mi",https://en.wikipedia.org/wiki/Fort_Lauderdale
140,Sioux_Falls,SouthDakota," 181,883"," 153,888", +18.19%, 75.4 sq mi, 195.3 km2," 2,312/sq mi",https://en.wikipedia.org/wiki/Sioux_Falls
141,Ontario,California," 181,107"," 163,924", +10.48%, 49.9 sq mi, 129.2 km2," 3,471/sq mi",https://en.wikipedia.org/wiki/Ontario
142,Chattanooga,Tennessee," 180,557"," 167,674", +7.68%, 143.1 sq mi, 370.6 km2," 1,241/sq mi",https://en.wikipedia.org/wiki/Chattanooga
143,Providence,RhodeIsland," 179,335"," 178,042", +0.73%, 18.4 sq mi, 47.7 km2," 9,740/sq mi",https://en.wikipedia.org/wiki/Providence
144,Newport_News,Virginia," 178,626"," 180,719", −1.16%, 69.1 sq mi, 179.0 km2," 2,631/sq mi",https://en.wikipedia.org/wiki/Newport_News
145,Rancho_Cucamonga,California," 177,751"," 165,269", +7.55%, 40.0 sq mi, 103.6 km2," 4,413/sq mi",https://en.wikipedia.org/wiki/Rancho_Cucamonga
146,Santa_Rosa,California," 177,586"," 167,815", +5.82%, 41.3 sq mi, 107.0 km2," 4,241/sq mi",https://en.wikipedia.org/wiki/Santa_Rosa
147,Oceanside,California," 176,080"," 167,086", +5.38%, 41.3 sq mi, 107.0 km2," 4,249/sq mi",https://en.wikipedia.org/wiki/Oceanside
148,Salem,Oregon," 173,442"," 154,637", +12.16%, 48.6 sq mi, 125.9 km2," 3,445/sq mi",https://en.wikipedia.org/wiki/Salem
149,Elk_Grove,California," 172,886"," 153,015", +12.99%, 42.2 sq mi, 109.3 km2," 4,022/sq mi",https://en.wikipedia.org/wiki/Elk_Grove
150,Garden_Grove,California," 172,646"," 170,883", +1.03%, 18.0 sq mi, 46.6 km2," 9,714/sq mi",https://en.wikipedia.org/wiki/Garden_Grove
151,Pembroke_Pines,Florida," 172,374"," 154,019", +11.92%, 33.0 sq mi, 85.5 km2," 5,109/sq mi",https://en.wikipedia.org/wiki/Pembroke_Pines
152,Peoria,Arizona," 172,259"," 154,065", +11.81%, 175.7 sq mi, 455.1 km2, 934/sq mi,https://en.wikipedia.org/wiki/Peoria
153,Eugene,Oregon," 171,245"," 156,185", +9.64%, 44.1 sq mi, 114.2 km2," 3,777/sq mi",https://en.wikipedia.org/wiki/Eugene
154,Corona,California," 168,819"," 152,374", +10.79%, 39.5 sq mi, 102.3 km2," 4,222/sq mi",https://en.wikipedia.org/wiki/Corona
155,Cary,NorthCarolina," 168,160"," 135,234", +24.35%, 56.5 sq mi, 146.3 km2," 2,873/sq mi",https://en.wikipedia.org/wiki/Cary
156,Springfield,Missouri," 168,122"," 159,498", +5.41%, 82.3 sq mi, 213.2 km2," 2,033/sq mi",https://en.wikipedia.org/wiki/Springfield
157,Fort_Collins,Colorado," 167,830"," 143,986", +16.56%, 55.8 sq mi, 144.5 km2," 2,943/sq mi",https://en.wikipedia.org/wiki/Fort_Collins
158,Jackson,Mississippi," 164,422"," 173,514", −5.24%, 111.0 sq mi, 287.5 km2," 1,524/sq mi",https://en.wikipedia.org/wiki/Jackson
159,Alexandria,Virginia," 160,530"," 139,966", +14.69%, 15.0 sq mi, 38.8 km2," 10,387/sq mi",https://en.wikipedia.org/wiki/Alexandria
160,Hayward,California," 159,620"," 144,186", +10.70%, 45.5 sq mi, 117.8 km2," 3,493/sq mi",https://en.wikipedia.org/wiki/Hayward
161,Lancaster,California," 159,053"," 156,633", +1.55%, 94.3 sq mi, 244.2 km2," 1,698/sq mi",https://en.wikipedia.org/wiki/Lancaster
162,Lakewood,Colorado," 156,798"," 142,980", +9.66%, 42.9 sq mi, 111.1 km2," 3,599/sq mi",https://en.wikipedia.org/wiki/Lakewood
163,Clarksville,Tennessee," 156,794"," 132,929", +17.95%, 98.3 sq mi, 254.6 km2," 1,529/sq mi",https://en.wikipedia.org/wiki/Clarksville
164,Palmdale,California," 156,667"," 152,750", +2.56%, 106.0 sq mi, 274.5 km2," 1,484/sq mi",https://en.wikipedia.org/wiki/Palmdale
165,Salinas,California," 156,259"," 150,441", +3.87%, 23.6 sq mi, 61.1 km2," 6,662/sq mi",https://en.wikipedia.org/wiki/Salinas
166,Springfield,Massachusetts," 155,032"," 153,060", +1.29%, 31.9 sq mi, 82.6 km2," 4,830/sq mi",https://en.wikipedia.org/wiki/Springfield
167,Hollywood,Florida," 154,823"," 140,768", +9.98%, 27.3 sq mi, 70.7 km2," 5,568/sq mi",https://en.wikipedia.org/wiki/Hollywood
168,Pasadena,Texas," 153,219"," 149,043", +2.80%, 43.5 sq mi, 112.7 km2," 3,525/sq mi",https://en.wikipedia.org/wiki/Pasadena
169,Sunnyvale,California," 153,185"," 140,081", +9.35%, 22.0 sq mi, 57.0 km2," 6,944/sq mi",https://en.wikipedia.org/wiki/Sunnyvale
170,Macon,Georgia," 153,095"," 91,351", +67.59%, 249.3 sq mi, 645.7 km2, 612/sq mi,https://en.wikipedia.org/wiki/Macon
171,Kansas_City,Kansas," 152,958"," 145,786", +4.92%, 124.8 sq mi, 323.2 km2," 1,216/sq mi",https://en.wikipedia.org/wiki/Kansas_City
172,Pomona,California," 152,361"," 149,058", +2.22%, 23.0 sq mi, 59.6 km2," 6,630/sq mi",https://en.wikipedia.org/wiki/Pomona
173,Escondido,California," 152,213"," 143,911", +5.77%, 37.1 sq mi, 96.1 km2," 4,087/sq mi",https://en.wikipedia.org/wiki/Escondido
174,Killeen,Texas," 149,103"," 127,921", +16.56%, 53.5 sq mi, 138.6 km2," 2,680/sq mi",https://en.wikipedia.org/wiki/Killeen
175,Naperville,Illinois," 148,304"," 141,853", +4.55%, 38.7 sq mi, 100.2 km2," 3,802/sq mi",https://en.wikipedia.org/wiki/Naperville
176,Joliet,Illinois," 148,099"," 147,433", +0.45%, 64.4 sq mi, 166.8 km2," 2,302/sq mi",https://en.wikipedia.org/wiki/Joliet
177,Bellevue,Washington," 147,599"," 122,363", +20.62%, 33.5 sq mi, 86.8 km2," 4,221/sq mi",https://en.wikipedia.org/wiki/Bellevue
178,Rockford,Illinois," 146,526"," 152,871", −4.15%, 63.5 sq mi, 164.5 km2," 2,325/sq mi",https://en.wikipedia.org/wiki/Rockford
179,Savannah,Georgia," 145,862"," 136,286", +7.03%, 103.6 sq mi, 268.3 km2," 1,417/sq mi",https://en.wikipedia.org/wiki/Savannah
180,Paterson,NewJersey," 145,627"," 146,199", −0.39%, 8.4 sq mi, 21.8 km2," 17,500/sq mi",https://en.wikipedia.org/wiki/Paterson
181,Torrance,California," 145,182"," 145,438", −0.18%, 20.5 sq mi, 53.1 km2," 7,180/sq mi",https://en.wikipedia.org/wiki/Torrance
182,Bridgeport,Connecticut," 144,900"," 144,229", +0.47%, 16.1 sq mi, 41.7 km2," 9,064/sq mi",https://en.wikipedia.org/wiki/Bridgeport
183,McAllen,Texas," 143,433"," 129,877", +10.44%, 58.4 sq mi, 151.3 km2," 2,435/sq mi",https://en.wikipedia.org/wiki/McAllen
184,Mesquite,Texas," 142,816"," 139,824", +2.14%, 47.2 sq mi, 122.2 km2," 3,045/sq mi",https://en.wikipedia.org/wiki/Mesquite
185,Syracuse,NewYork," 142,749"," 145,170", −1.67%, 25.0 sq mi, 64.7 km2," 5,735/sq mi",https://en.wikipedia.org/wiki/Syracuse
186,Midland,Texas," 142,344"," 111,147", +28.07%, 74.4 sq mi, 192.7 km2," 1,809/sq mi",https://en.wikipedia.org/wiki/Midland
187,Pasadena,California," 141,371"," 137,122", +3.10%, 23.0 sq mi, 59.6 km2," 6,176/sq mi",https://en.wikipedia.org/wiki/Pasadena
188,Murfreesboro,Tennessee," 141,344"," 108,755", +29.97%, 55.9 sq mi, 144.8 km2," 2,360/sq mi",https://en.wikipedia.org/wiki/Murfreesboro
189,Miramar,Florida," 140,823"," 122,041", +15.39%, 29.4 sq mi, 76.1 km2," 4,709/sq mi",https://en.wikipedia.org/wiki/Miramar
190,Dayton,Ohio," 140,640"," 141,527", −0.63%, 55.7 sq mi, 144.3 km2," 2,522/sq mi",https://en.wikipedia.org/wiki/Dayton
191,Fullerton,California," 139,640"," 135,161", +3.31%, 22.4 sq mi, 58.0 km2," 6,282/sq mi",https://en.wikipedia.org/wiki/Fullerton
192,Olathe,Kansas," 139,605"," 125,872", +10.91%, 60.9 sq mi, 157.7 km2," 2,225/sq mi",https://en.wikipedia.org/wiki/Olathe
193,Orange,California," 139,484"," 136,416", +2.25%, 25.4 sq mi, 65.8 km2," 5,532/sq mi",https://en.wikipedia.org/wiki/Orange
194,Thornton,Colorado," 139,436"," 118,772", +17.40%, 35.7 sq mi, 92.5 km2," 3,829/sq mi",https://en.wikipedia.org/wiki/Thornton
195,Roseville,California," 139,117"," 118,788", +17.11%, 43.0 sq mi, 111.4 km2," 3,085/sq mi",https://en.wikipedia.org/wiki/Roseville
196,Denton,Texas," 138,541"," 113,383", +22.19%, 93.4 sq mi, 241.9 km2," 1,433/sq mi",https://en.wikipedia.org/wiki/Denton
197,Waco,Texas," 138,183"," 124,805", +10.72%, 89.0 sq mi, 230.5 km2," 1,510/sq mi",https://en.wikipedia.org/wiki/Waco
198,Surprise,Arizona," 138,161"," 117,517", +17.57%, 107.9 sq mi, 279.5 km2," 1,230/sq mi",https://en.wikipedia.org/wiki/Surprise
199,Carrollton,Texas," 136,879"," 119,097", +14.93%, 36.3 sq mi, 94.0 km2," 3,674/sq mi",https://en.wikipedia.org/wiki/Carrollton
200,West_Valley_City,Utah," 136,401"," 129,480", +5.35%, 35.5 sq mi, 91.9 km2," 3,847/sq mi",https://en.wikipedia.org/wiki/West_Valley_City
201,Charleston,SouthCarolina," 136,208"," 120,083", +13.43%, 109.0 sq mi, 282.3 km2," 1,233/sq mi",https://en.wikipedia.org/wiki/Charleston
202,Warren,Michigan," 134,587"," 134,056", +0.40%, 34.4 sq mi, 89.1 km2," 3,928/sq mi",https://en.wikipedia.org/wiki/Warren
203,Hampton,Virginia," 134,313"," 137,436", −2.27%, 51.5 sq mi, 133.4 km2," 2,629/sq mi",https://en.wikipedia.org/wiki/Hampton
204,Gainesville,Florida," 133,857"," 124,354", +7.64%, 62.3 sq mi, 161.4 km2," 2,112/sq mi",https://en.wikipedia.org/wiki/Gainesville
205,Visalia,California," 133,800"," 124,442", +7.52%, 37.5 sq mi, 97.1 km2," 3,495/sq mi",https://en.wikipedia.org/wiki/Visalia
206,Coral_Springs,Florida," 133,507"," 121,096", +10.25%, 23.8 sq mi, 61.6 km2," 5,465/sq mi",https://en.wikipedia.org/wiki/Coral_Springs
207,Columbia,SouthCarolina," 133,451"," 129,272", +3.23%, 133.5 sq mi, 345.8 km2," 1,006/sq mi",https://en.wikipedia.org/wiki/Columbia
208,Cedar_Rapids,Iowa," 133,174"," 126,326", +5.42%, 70.8 sq mi, 183.4 km2," 1,852/sq mi",https://en.wikipedia.org/wiki/Cedar_Rapids
209,Sterling_Heights,Michigan," 132,964"," 129,699", +2.52%, 36.5 sq mi, 94.5 km2," 3,628/sq mi",https://en.wikipedia.org/wiki/Sterling_Heights
210,New_Haven,Connecticut," 130,418"," 129,779", +0.49%, 18.7 sq mi, 48.4 km2," 6,948/sq mi",https://en.wikipedia.org/wiki/New_Haven
211,Stamford,Connecticut," 129,775"," 122,643", +5.82%, 37.6 sq mi, 97.4 km2," 3,434/sq mi",https://en.wikipedia.org/wiki/Stamford
212,Concord,California," 129,688"," 122,067", +6.24%, 30.5 sq mi, 79.0 km2," 4,221/sq mi",https://en.wikipedia.org/wiki/Concord
213,Kent,Washington," 129,618"," 92,411", +40.26%, 33.7 sq mi, 87.3 km2," 3,784/sq mi",https://en.wikipedia.org/wiki/Kent
214,Santa_Clara,California," 129,488"," 116,468", +11.18%, 18.4 sq mi, 47.7 km2," 6,845/sq mi",https://en.wikipedia.org/wiki/Santa_Clara
215,Elizabeth,NewJersey," 128,885"," 124,969", +3.13%, 12.3 sq mi, 31.9 km2," 10,459/sq mi",https://en.wikipedia.org/wiki/Elizabeth
216,Round_Rock,Texas," 128,739"," 99,887", +28.88%, 35.6 sq mi, 92.2 km2," 3,396/sq mi",https://en.wikipedia.org/wiki/Round_Rock
217,Thousand_Oaks,California," 127,690"," 126,683", +0.79%, 55.2 sq mi, 143.0 km2," 2,335/sq mi",https://en.wikipedia.org/wiki/Thousand_Oaks
218,Lafayette,Louisiana," 126,143"," 120,623", +4.58%, 53.8 sq mi, 139.3 km2," 2,372/sq mi",https://en.wikipedia.org/wiki/Lafayette
219,Athens,Georgia," 125,964"," 115,452", +9.11%, 116.4 sq mi, 301.5 km2," 1,060/sq mi",https://en.wikipedia.org/wiki/Athens
220,Topeka,Kansas," 125,904"," 127,473", −1.23%, 61.5 sq mi, 159.3 km2," 2,062/sq mi",https://en.wikipedia.org/wiki/Topeka
221,Simi_Valley,California," 125,851"," 124,237", +1.30%, 41.5 sq mi, 107.5 km2," 3,044/sq mi",https://en.wikipedia.org/wiki/Simi_Valley
222,Fargo,NorthDakota," 124,844"," 105,549", +18.28%, 49.3 sq mi, 127.7 km2," 2,450/sq mi",https://en.wikipedia.org/wiki/Fargo
223,Norman,Oklahoma," 123,471"," 110,925", +11.31%, 178.8 sq mi, 463.1 km2, 683/sq mi,https://en.wikipedia.org/wiki/Norman
224,Columbia,Missouri," 123,180"," 108,500", +13.53%, 65.0 sq mi, 168.3 km2," 1,856/sq mi",https://en.wikipedia.org/wiki/Columbia
225,Abilene,Texas," 122,999"," 117,063", +5.07%, 106.7 sq mi, 276.4 km2," 1,146/sq mi",https://en.wikipedia.org/wiki/Abilene
226,Wilmington,NorthCarolina," 122,607"," 106,476", +15.15%, 51.6 sq mi, 133.6 km2," 2,278/sq mi",https://en.wikipedia.org/wiki/Wilmington
227,Hartford,Connecticut," 122,587"," 124,775", −1.75%, 17.4 sq mi, 45.1 km2," 7,083/sq mi",https://en.wikipedia.org/wiki/Hartford
228,Victorville,California," 122,312"," 115,903", +5.53%, 73.3 sq mi, 189.8 km2," 1,668/sq mi",https://en.wikipedia.org/wiki/Victorville
229,Pearland,Texas," 122,149"," 91,252", +33.86%, 46.3 sq mi, 119.9 km2," 2,453/sq mi",https://en.wikipedia.org/wiki/Pearland
230,Vallejo,California," 121,913"," 115,942", +5.15%, 30.7 sq mi, 79.5 km2," 3,951/sq mi",https://en.wikipedia.org/wiki/Vallejo
231,Ann_Arbor,Michigan," 121,890"," 113,934", +6.98%, 28.1 sq mi, 72.8 km2," 4,298/sq mi",https://en.wikipedia.org/wiki/Ann_Arbor
232,Berkeley,California," 121,643"," 112,580", +8.05%, 10.5 sq mi, 27.2 km2," 11,547/sq mi",https://en.wikipedia.org/wiki/Berkeley
233,Allentown,Pennsylvania," 121,433"," 118,032", +2.88%, 17.5 sq mi, 45.3 km2," 6,882/sq mi",https://en.wikipedia.org/wiki/Allentown
234,Richardson,Texas," 120,981"," 99,223", +21.93%, 28.6 sq mi, 74.1 km2," 3,963/sq mi",https://en.wikipedia.org/wiki/Richardson
235,Odessa,Texas," 120,568"," 99,940", +20.64%, 45.2 sq mi, 117.1 km2," 2,608/sq mi",https://en.wikipedia.org/wiki/Odessa
236,Arvada,Colorado," 120,492"," 106,433", +13.21%, 38.6 sq mi, 100.0 km2," 3,043/sq mi",https://en.wikipedia.org/wiki/Arvada
237,Cambridge,Massachusetts," 118,977"," 105,162", +13.14%, 6.4 sq mi, 16.6 km2," 17,289/sq mi",https://en.wikipedia.org/wiki/Cambridge
238,Sugar_Land,Texas," 118,600"," 78,817", +50.48%, 34.0 sq mi, 88.1 km2," 3,488/sq mi",https://en.wikipedia.org/wiki/Sugar_Land
239,Beaumont,Texas," 118,428"," 118,296", +0.11%, 82.1 sq mi, 212.6 km2," 1,441/sq mi",https://en.wikipedia.org/wiki/Beaumont
240,Lansing,Michigan," 118,427"," 114,297", +3.61%, 39.1 sq mi, 101.3 km2," 2,967/sq mi",https://en.wikipedia.org/wiki/Lansing
241,Evansville,Indiana," 117,963"," 117,429", +0.45%, 47.3 sq mi, 122.5 km2," 2,526/sq mi",https://en.wikipedia.org/wiki/Evansville
242,Rochester,Minnesota," 116,961"," 106,769", +9.55%, 54.6 sq mi, 141.4 km2," 2,088/sq mi",https://en.wikipedia.org/wiki/Rochester
243,Independence,Missouri," 116,925"," 116,830", +0.08%, 77.8 sq mi, 201.5 km2," 1,504/sq mi",https://en.wikipedia.org/wiki/Independence
244,Fairfield,California," 116,884"," 105,321", +10.98%, 40.9 sq mi, 105.9 km2," 2,806/sq mi",https://en.wikipedia.org/wiki/Fairfield
245,Provo,Utah," 116,702"," 112,488", +3.75%, 41.7 sq mi, 108.0 km2," 2,803/sq mi",https://en.wikipedia.org/wiki/Provo
246,Clearwater,Florida," 116,478"," 107,685", +8.17%, 25.9 sq mi, 67.1 km2," 4,415/sq mi",https://en.wikipedia.org/wiki/Clearwater
247,College_Station,Texas," 116,218"," 93,857", +23.82%, 51.0 sq mi, 132.1 km2," 2,199/sq mi",https://en.wikipedia.org/wiki/College_Station
248,West_Jordan,Utah," 116,046"," 103,712", +11.89%, 32.3 sq mi, 83.7 km2," 3,520/sq mi",https://en.wikipedia.org/wiki/West_Jordan
249,Carlsbad,California," 115,877"," 105,328", +10.02%, 37.7 sq mi, 97.6 km2," 3,023/sq mi",https://en.wikipedia.org/wiki/Carlsbad
250,El_Monte,California," 115,586"," 113,475", +1.86%, 9.6 sq mi, 24.9 km2," 12,063/sq mi",https://en.wikipedia.org/wiki/El_Monte
251,Murrieta,California," 114,985"," 103,466", +11.13%, 33.6 sq mi, 87.0 km2," 3,324/sq mi",https://en.wikipedia.org/wiki/Murrieta
252,Temecula,California," 114,742"," 100,097", +14.63%, 37.3 sq mi, 96.6 km2," 3,031/sq mi",https://en.wikipedia.org/wiki/Temecula
253,Springfield,Illinois," 114,694"," 116,250", −1.34%, 60.1 sq mi, 155.7 km2," 1,925/sq mi",https://en.wikipedia.org/wiki/Springfield
254,Palm_Bay,Florida," 114,194"," 103,190", +10.66%, 65.7 sq mi, 170.2 km2," 1,676/sq mi",https://en.wikipedia.org/wiki/Palm_Bay
255,Costa_Mesa,California," 113,615"," 109,960", +3.32%, 15.7 sq mi, 40.7 km2," 7,186/sq mi",https://en.wikipedia.org/wiki/Costa_Mesa
256,Westminster,Colorado," 113,479"," 106,114", +6.94%, 31.7 sq mi, 82.1 km2," 3,592/sq mi",https://en.wikipedia.org/wiki/Westminster
257,North_Charleston,SouthCarolina," 113,237"," 97,471", +16.18%, 73.7 sq mi, 190.9 km2," 1,483/sq mi",https://en.wikipedia.org/wiki/North_Charleston
258,Miami_Gardens,Florida," 113,069"," 107,167", +5.51%, 18.2 sq mi, 47.1 km2," 6,212/sq mi",https://en.wikipedia.org/wiki/Miami_Gardens
259,Manchester,NewHampshire," 112,525"," 109,565", +2.70%, 33.1 sq mi, 85.7 km2," 3,339/sq mi",https://en.wikipedia.org/wiki/Manchester
260,High_Point,NorthCarolina," 112,316"," 104,371", +7.61%, 55.2 sq mi, 143.0 km2," 2,015/sq mi",https://en.wikipedia.org/wiki/High_Point
261,Downey,California," 112,269"," 111,772", +0.44%, 12.4 sq mi, 32.1 km2," 9,134/sq mi",https://en.wikipedia.org/wiki/Downey
262,Clovis,California," 112,022"," 95,631", +17.14%, 24.2 sq mi, 62.7 km2," 4,404/sq mi",https://en.wikipedia.org/wiki/Clovis
263,Pompano_Beach,Florida," 111,954"," 99,845", +12.13%, 24.0 sq mi, 62.2 km2," 4,558/sq mi",https://en.wikipedia.org/wiki/Pompano_Beach
264,Pueblo,Colorado," 111,750"," 106,595", +4.84%, 53.6 sq mi, 138.8 km2," 2,058/sq mi",https://en.wikipedia.org/wiki/Pueblo
265,Elgin,Illinois," 111,683"," 108,188", +3.23%, 37.4 sq mi, 96.9 km2," 2,998/sq mi",https://en.wikipedia.org/wiki/Elgin
266,Lowell,Massachusetts," 111,670"," 106,519", +4.84%, 13.6 sq mi, 35.2 km2," 8,129/sq mi",https://en.wikipedia.org/wiki/Lowell
267,Antioch,California," 111,535"," 102,372", +8.95%, 29.4 sq mi, 76.1 km2," 3,772/sq mi",https://en.wikipedia.org/wiki/Antioch
268,West_Palm_Beach,Florida," 111,398"," 99,919", +11.49%, 55.1 sq mi, 142.7 km2," 1,963/sq mi",https://en.wikipedia.org/wiki/West_Palm_Beach
269,Peoria,Illinois," 111,388"," 115,007", −3.15%, 48.2 sq mi, 124.8 km2," 2,371/sq mi",https://en.wikipedia.org/wiki/Peoria
270,Everett,Washington," 111,262"," 103,019", +8.00%, 33.3 sq mi, 86.2 km2," 3,275/sq mi",https://en.wikipedia.org/wiki/Everett
271,Ventura,California," 111,128"," 106,433", +4.41%, 21.8 sq mi, 56.5 km2," 5,027/sq mi",https://en.wikipedia.org/wiki/Ventura
272,Centennial,Colorado," 110,831"," 100,377", +10.41%, 29.5 sq mi, 76.4 km2," 3,727/sq mi",https://en.wikipedia.org/wiki/Centennial
273,Lakeland,Florida," 110,516"," 97,422", +13.44%, 65.9 sq mi, 170.7 km2," 1,615/sq mi",https://en.wikipedia.org/wiki/Lakeland
274,Gresham,Oregon," 110,158"," 105,594", +4.32%, 23.3 sq mi, 60.3 km2," 4,786/sq mi",https://en.wikipedia.org/wiki/Gresham
275,Richmond,California," 110,146"," 103,701", +6.21%, 30.1 sq mi, 78.0 km2," 3,648/sq mi",https://en.wikipedia.org/wiki/Richmond
276,Billings,Montana," 109,550"," 104,170", +5.16%, 43.7 sq mi, 113.2 km2," 2,525/sq mi",https://en.wikipedia.org/wiki/Billings
277,Inglewood,California," 109,419"," 109,673", −0.23%, 9.1 sq mi, 23.6 km2," 12,160/sq mi",https://en.wikipedia.org/wiki/Inglewood
278,Broken_Arrow,Oklahoma," 109,171"," 98,850", +10.44%, 61.7 sq mi, 159.8 km2," 1,741/sq mi",https://en.wikipedia.org/wiki/Broken_Arrow
279,Sandy_Springs,Georgia," 108,797"," 93,853", +15.92%, 37.7 sq mi, 97.6 km2," 2,804/sq mi",https://en.wikipedia.org/wiki/Sandy_Springs
280,Jurupa_Valley,California," 108,393", 0, NA[ab], 42.9 sq mi, 111.1 km2," 2,414/sq mi",https://en.wikipedia.org/wiki/Jurupa_Valley
281,Hillsboro,Oregon," 108,389"," 91,611", +18.31%, 25.0 sq mi, 64.7 km2," 4,207/sq mi",https://en.wikipedia.org/wiki/Hillsboro
282,Waterbury,Connecticut," 108,093"," 110,366", −2.06%, 28.5 sq mi, 73.8 km2," 3,799/sq mi",https://en.wikipedia.org/wiki/Waterbury
283,Santa_Maria,California," 107,408"," 99,553", +7.89%, 22.8 sq mi, 59.1 km2," 4,662/sq mi",https://en.wikipedia.org/wiki/Santa_Maria
284,Boulder,Colorado," 107,353"," 97,385", +10.24%, 24.8 sq mi, 64.2 km2," 4,358/sq mi",https://en.wikipedia.org/wiki/Boulder
285,Greeley,Colorado," 107,348"," 92,889", +15.57%, 47.8 sq mi, 123.8 km2," 2,176/sq mi",https://en.wikipedia.org/wiki/Greeley
286,Daly_City,California," 107,008"," 101,123", +5.82%, 7.6 sq mi, 19.7 km2," 14,009/sq mi",https://en.wikipedia.org/wiki/Daly_City
287,Meridian,Idaho," 106,804"," 75,092", +42.23%, 29.8 sq mi, 77.2 km2," 3,584/sq mi",https://en.wikipedia.org/wiki/Meridian
288,Lewisville,Texas," 106,586"," 95,290", +11.85%, 36.7 sq mi, 95.1 km2," 2,852/sq mi",https://en.wikipedia.org/wiki/Lewisville
289,Davie,Florida," 106,558"," 91,992", +15.83%, 34.9 sq mi, 90.4 km2," 2,919/sq mi",https://en.wikipedia.org/wiki/Davie
290,West_Covina,California," 106,311"," 106,098", +0.20%, 16.0 sq mi, 41.4 km2," 6,740/sq mi",https://en.wikipedia.org/wiki/West_Covina
291,League_City,Texas," 106,244"," 83,560", +27.15%, 51.2 sq mi, 132.6 km2," 1,992/sq mi",https://en.wikipedia.org/wiki/League_City
292,Tyler,Texas," 105,729"," 96,900", +9.11%, 56.6 sq mi, 146.6 km2," 1,852/sq mi",https://en.wikipedia.org/wiki/Tyler
293,Norwalk,California," 105,120"," 105,549", −0.41%, 9.7 sq mi, 25.1 km2," 10,946/sq mi",https://en.wikipedia.org/wiki/Norwalk
294,San_Mateo,California," 105,025"," 97,207", +8.04%, 12.1 sq mi, 31.3 km2," 8,592/sq mi",https://en.wikipedia.org/wiki/San_Mateo
295,Green_Bay,Wisconsin," 104,879"," 104,057", +0.79%, 45.4 sq mi, 117.6 km2," 2,316/sq mi",https://en.wikipedia.org/wiki/Green_Bay
296,Wichita_Falls,Texas," 104,576"," 104,553", +0.02%, 72.2 sq mi, 187.0 km2," 1,450/sq mi",https://en.wikipedia.org/wiki/Wichita_Falls
297,Sparks,Nevada," 104,246"," 90,264", +15.49%, 35.9 sq mi, 93.0 km2," 2,810/sq mi",https://en.wikipedia.org/wiki/Sparks
298,Lakewood,NewJersey," 104,157"," 92,843", +12.19%, 24.7 sq mi, 64.0 km2," 4,079/sq mi",https://en.wikipedia.org/wiki/Lakewood
299,Burbank,California," 103,695"," 103,340", +0.34%, 17.4 sq mi, 45.1 km2," 6,003/sq mi",https://en.wikipedia.org/wiki/Burbank
300,Rialto,California," 103,440"," 99,171", +4.30%, 22.3 sq mi, 57.8 km2," 4,633/sq mi",https://en.wikipedia.org/wiki/Rialto
301,Allen,Texas," 103,383"," 84,246", +22.72%, 27.1 sq mi, 70.2 km2," 3,715/sq mi",https://en.wikipedia.org/wiki/Allen
302,El_Cajon,California," 103,241"," 99,478", +3.78%, 14.5 sq mi, 37.6 km2," 7,156/sq mi",https://en.wikipedia.org/wiki/El_Cajon
303,Las_Cruces,NewMexico," 102,926"," 97,618", +5.44%, 76.9 sq mi, 199.2 km2," 1,323/sq mi",https://en.wikipedia.org/wiki/Las_Cruces
304,Renton,Washington," 102,153"," 90,927", +12.35%, 23.4 sq mi, 60.6 km2," 4,314/sq mi",https://en.wikipedia.org/wiki/Renton
305,Davenport,Iowa," 102,085"," 99,685", +2.41%, 62.9 sq mi, 162.9 km2," 1,631/sq mi",https://en.wikipedia.org/wiki/Davenport
306,South_Bend,Indiana," 101,860"," 101,168", +0.68%, 41.4 sq mi, 107.2 km2," 2,457/sq mi",https://en.wikipedia.org/wiki/South_Bend
307,Vista,California," 101,224"," 93,834", +7.88%, 18.7 sq mi, 48.4 km2," 5,436/sq mi",https://en.wikipedia.org/wiki/Vista
308,Tuscaloosa,Alabama," 101,113"," 90,468", +11.77%, 71.7 sq mi, 185.7 km2," 1,399/sq mi",https://en.wikipedia.org/wiki/Tuscaloosa
309,Clinton,Michigan," 100,800"," 96,796", +4.14%, 28.1 sq mi, 72.8 km2," 3,573/sq mi",https://en.wikipedia.org/wiki/Clinton
310,Edison,NewJersey," 100,693"," 99,967", +0.73%, 30.1 sq mi, 78.0 km2," 3,389/sq mi",https://en.wikipedia.org/wiki/Edison
311,Woodbridge,NewJersey," 100,450"," 99,585", +0.87%, 23.3 sq mi, 60.3 km2," 4,351/sq mi",https://en.wikipedia.org/wiki/Woodbridge
312,San_Angelo,Texas," 100,215"," 93,200", +7.53%, 59.9 sq mi, 155.1 km2," 1,681/sq mi",https://en.wikipedia.org/wiki/San_Angelo
313,Kenosha,Wisconsin," 100,164"," 99,218", +0.95%, 28.0 sq mi, 72.5 km2," 3,577/sq mi",https://en.wikipedia.org/wiki/Kenosha
314,Vacaville,California," 100,154"," 92,428", +8.36%, 29.0 sq mi, 75.1 km2," 3,449/sq mi",https://en.wikipedia.org/wiki/Vacaville
